{
  "testName": "ConcurrentTest_20260110_070449_636",
  "testFileName": "generated/ConcurrentTest_20260110_070449_636.java",
  "gcType": "G1",
   "isComplete": false,
  "sequence": [    "t0",
    "t0",
    "t3",
    "t0",
    "t0"
,
    "t2",
    "t3",
    "t2",
    "t0",
    "t0"
,
"t911",
    "t0",
    "t0",
    "t0",
    "t0",
    "t0"
,
    "t0",
    "t0",
    "t2",
    "t2",
    "t3"
,
    "t3",
    "t0",
    "t0",
    "t0",
    "t0"
,
    "t2",
    "t0",
    "t2",
    "t1",
    "t0"
,
    "t0",
    "t0",
    "t0",
    "t2",
    "t0"
,
    "t2",
    "t0",
    "t0",
    "t3",
    "t2"
,
    "t0",
    "t0",
    "t0",
    "t3",
    "t3"
,
    "t0",
    "t1",
    "t2",
    "t0",
    "t3"
,
    "t0",
    "t3",
    "t0",
    "t0",
    "t2"

  ]
}
